日付,列 1,旧約1,完了,旧約2,完了 ,詩,完了  ,新約,完了   ,,,曜日,,,,,,,,
1/1(Thu),#VALUE!,創 1-2,FALSE,-,FALSE,詩 19,FALSE,マル 1,FALSE,,,,,,,,,,,
1/2(Fri),#VALUE!,創 3-5,FALSE,-,FALSE,-,FALSE,マル 2,FALSE,,,,,,,,,,,
1/3(Sat),,-,FALSE,-,FALSE,-,FALSE,-,FALSE,,,,,,,,,,,
1/4(Sun),,-,FALSE,-,FALSE,-,FALSE,-,FALSE,,,,,,,,,,,
1/5(Mon),#VALUE!,創 6-8,FALSE,-,FALSE,詩 104,FALSE,マル 3,FALSE,,,,,,,,,,,
1/6(Tue),#VALUE!,創 9-11,FALSE,-,FALSE,-,FALSE,マル 4,FALSE,,,,,,,,,,,
1/7(Wed),#VALUE!,創 12-15,FALSE,-,FALSE,詩 148,FALSE,マル 5,FALSE,,,,,,,,,,,
1/8(Thu),#VALUE!,創 16-18,FALSE,-,FALSE,-,FALSE,マル 6,FALSE,,,,,,,,,,,
1/9(Fri),#VALUE!,創 19-20,FALSE,-,FALSE,詩 1,FALSE,マル 7,FALSE,,,,,,,,,,,
1/10(Sat),,-,FALSE,-,FALSE,-,FALSE,-,FALSE,,,,,,,,,,,
1/11(Sun),,-,FALSE,-,FALSE,-,FALSE,-,FALSE,,,,,,,,,,,
1/12(Mon),#VALUE!,創 21-23,FALSE,-,FALSE,詩 107,FALSE,マル 8,FALSE,,,,,,,,,,,
1/13(Tue),#VALUE!,創 24-25,FALSE,-,FALSE,詩 4,FALSE,マル 9,FALSE,,,,,,,,,,,
1/14(Wed),#VALUE!,創 26-27,FALSE,-,FALSE,-,FALSE,マル 10,FALSE,,,,,,,,,,,
1/15(Thu),#VALUE!,創 28-29,FALSE,-,FALSE,-,FALSE,マル 11,FALSE,,,,,,,,,,,
1/16(Fri),#VALUE!,創 30-31,FALSE,-,FALSE,詩 11,FALSE,マル 12,FALSE,,,,,,,,,,,
1/17(Sat),,-,FALSE,-,FALSE,-,FALSE,-,FALSE,,,,,,,,,,,
1/18(Sun),,-,FALSE,-,FALSE,-,FALSE,-,FALSE,,,,,,,,,,,
1/19(Mon),#VALUE!,創 32-34,FALSE,-,FALSE,詩 145,FALSE,マル 13,FALSE,,,,,,,,,,,
1/20(Tue),#VALUE!,創 35-37,FALSE,-,FALSE,詩 12,FALSE,マル 14,FALSE,,,,,,,,,,,
1/21(Wed),#VALUE!,創 38-40,FALSE,-,FALSE,-,FALSE,マル 15,FALSE,,,,,,,,,,,
1/22(Thu),#VALUE!,創 41-42,FALSE,-,FALSE,-,FALSE,マル 16,FALSE,,,,,,,,,,,
1/23(Fri),#VALUE!,創 43-44,FALSE,-,FALSE,詩 24,FALSE,ガラ 1,FALSE,,,,,,,,,,,
1/24(Sat),,-,FALSE,-,FALSE,-,FALSE,-,FALSE,,,,,,,,,,,
1/25(Sun),,-,FALSE,-,FALSE,-,FALSE,-,FALSE,,,,,,,,,,,
1/26(Mon),#VALUE!,創 45-46,FALSE,-,FALSE,詩 108,FALSE,ガラ 2,FALSE,,,,,,,,,,,
1/27(Tue),#VALUE!,創 47-48,FALSE,-,FALSE,詩 25,FALSE,ガラ 3,FALSE,,,,,,,,,,,
1/28(Wed),#VALUE!,創 49-50,FALSE,-,FALSE,-,FALSE,ガラ 4,FALSE,,,,,,,,,,,
1/29(Thu),#VALUE!,出 1-3,FALSE,-,FALSE,-,FALSE,ガラ 5,FALSE,,,,,,,,,,,
1/30(Fri),#VALUE!,出 4-6,FALSE,-,FALSE,-,FALSE,ガラ 6,FALSE,,,,,,,,,,,
1/31(Sat),,-,FALSE,-,FALSE,-,FALSE,-,FALSE,,,,,,,,,,,
2/1(Sun),,-,FALSE,-,FALSE,-,FALSE,-,FALSE,,,,,,,,,,,
2/2(Mon),#VALUE!,出 7-9,FALSE,-,FALSE,詩 105,FALSE,エペ 1,FALSE,,,,,,,,,,,
2/3(Tue),#VALUE!,出 10-12,FALSE,-,FALSE,-,FALSE,エペ 2,TRUE,,,,,,,,,,,
2/4(Wed),#VALUE!,出 13-15,FALSE,-,FALSE,詩 114,FALSE,エペ 3,FALSE,,,,,,,,,,,
2/5(Thu),#VALUE!,出 16-18,FALSE,-,FALSE,-,FALSE,エペ 4,FALSE,,,,,,,,,,,
2/6(Fri),#VALUE!,出 19-21,FALSE,-,FALSE,詩 33,FALSE,エペ 5,FALSE,,,,,,,,,,,
2/7(Sat),,-,FALSE,-,FALSE,-,FALSE,-,FALSE,,,,,,,,,,,
2/8(Sun),,-,FALSE,-,FALSE,-,FALSE,-,FALSE,,,,,,,,,,,
2/9(Mon),#VALUE!,出 22-24,FALSE,-,FALSE,詩 109,FALSE,エペ 6,FALSE,,,,,,,,,,,
2/10(Tue),#VALUE!,出 25-27,FALSE,-,FALSE,詩 90,FALSE,ピリ 1,FALSE,,,,,,,,,,,
2/11(Wed),#VALUE!,出 28-31,FALSE,-,FALSE,-,FALSE,ピリ 2,FALSE,,,,,,,,,,,
2/12(Thu),#VALUE!,出 32-34,FALSE,-,FALSE,-,FALSE,ピリ 3,FALSE,,,,,,,,,,,
2/13(Fri),#VALUE!,出 35-37,FALSE,-,FALSE,詩 26,FALSE,ピリ 4,FALSE,,,,,,,,,,,
2/14(Sat),,-,FALSE,-,FALSE,-,FALSE,-,FALSE,,,,,,,,,,,
2/15(Sun),,-,FALSE,-,FALSE,-,FALSE,-,FALSE,,,,,,,,,,,
2/16(Mon),#VALUE!,出 38-40,FALSE,-,FALSE,-,FALSE,ヘブ 1,FALSE,,,,,,,,,,,
2/17(Tue),#VALUE!,レ 1-3,FALSE,-,FALSE,詩 27,FALSE,ヘブ 2,FALSE,,,,,,,,,,,
2/18(Wed),#VALUE!,レ 4-7,FALSE,-,FALSE,-,FALSE,ヘブ 3,FALSE,,,,,,,,,,,
2/19(Thu),#VALUE!,レ 8-11,FALSE,-,FALSE,詩 110,FALSE,ヘブ 4,FALSE,,,,,,,,,,,
2/20(Fri),#VALUE!,レ 12-14,FALSE,-,FALSE,詩 111,FALSE,ヘブ 5,FALSE,,,,,,,,,,,
2/21(Sat),,-,FALSE,-,FALSE,-,FALSE,-,FALSE,,,,,,,,,,,
2/22(Sun),,-,FALSE,-,FALSE,-,FALSE,-,FALSE,,,,,,,,,,,
2/23(Mon),#VALUE!,レ 15-18,FALSE,-,FALSE,詩 31,FALSE,ヘブ 6,FALSE,,,,,,,,,,,
2/24(Tue),#VALUE!,レ 19-20,FALSE,-,FALSE,-,FALSE,ヘブ 7,FALSE,,,,,,,,,,,
2/25(Wed),#VALUE!,レ 21-23,FALSE,-,FALSE,-,FALSE,ヘブ 8,FALSE,,,,,,,,,,,
2/26(Thu),#VALUE!,レ 24-25,FALSE,-,FALSE,詩 81,FALSE,ヘブ 9,FALSE,,,,,,,,,,,
2/27(Fri),#VALUE!,レ 26-27,FALSE,-,FALSE,詩 112,FALSE,ヘブ 10,FALSE,,,,,,,,,,,
2/28(Sat),,-,FALSE,-,FALSE,-,FALSE,-,FALSE,,,,,,,,,,,
3/1(Sun),,-,FALSE,-,FALSE,-,FALSE,-,FALSE,,,,,,,,,,,
3/2(Mon),#VALUE!,民 1-2,FALSE,-,FALSE,詩 64,FALSE,ヘブ 11,FALSE,,,,,,,,,,,
3/3(Tue),#VALUE!,民 3-5,FALSE,-,FALSE,-,FALSE,ヘブ 12,FALSE,,,,,,,,,,,
3/4(Wed),#VALUE!,民 6-7,FALSE,-,FALSE,-,FALSE,ヘブ 13,FALSE,,,,,,,,,,,
3/5(Thu),#VALUE!,民 8-11,FALSE,-,FALSE,-,FALSE,コロ 1,FALSE,,,,,,,,,,,
3/6(Fri),#VALUE!,民 12-14,FALSE,-,FALSE,詩 28,FALSE,コロ 2,FALSE,,,,,,,,,,,
3/7(Sat),,-,FALSE,-,FALSE,-,FALSE,-,FALSE,,,,,,,,,,,
3/8(Sun),,-,FALSE,-,FALSE,-,FALSE,-,FALSE,,,,,,,,,,,
3/9(Mon),#VALUE!,民 15-18,FALSE,-,FALSE,詩 113,FALSE,コロ 3,FALSE,,,,,,,,,,,
3/10(Tue),#VALUE!,民 19-21,FALSE,-,FALSE,-,FALSE,コロ 4,FALSE,,,,,,,,,,,
3/11(Wed),#VALUE!,民 22-25,FALSE,-,FALSE,-,FALSE,ルカ 1,FALSE,,,,,,,,,,,
3/12(Thu),#VALUE!,民 26-29,FALSE,-,FALSE,-,FALSE,ルカ 2,FALSE,,,,,,,,,,,
3/13(Fri),#VALUE!,民 30-33,FALSE,-,FALSE,詩 35,FALSE,ルカ 3,FALSE,,,,,,,,,,,
3/14(Sat),,-,FALSE,-,FALSE,-,FALSE,-,FALSE,,,,,,,,,,,
3/15(Sun),,-,FALSE,-,FALSE,-,FALSE,-,FALSE,,,,,,,,,,,
3/16(Mon),#VALUE!,民 34-36,FALSE,-,FALSE,-,FALSE,ルカ 4,FALSE,,,,,,,,,,,
3/17(Tue),#VALUE!,申 1-3,FALSE,-,FALSE,詩 36,FALSE,ルカ 5,FALSE,,,,,,,,,,,
3/18(Wed),#VALUE!,申 4-5,FALSE,-,FALSE,-,FALSE,ルカ 6,FALSE,,,,,,,,,,,
3/19(Thu),#VALUE!,申 6-9,FALSE,-,FALSE,-,FALSE,ルカ 7,FALSE,,,,,,,,,,,
3/20(Fri),#VALUE!,申 10-14,FALSE,-,FALSE,詩 5,FALSE,ルカ 8,FALSE,,,,,,,,,,,
3/21(Sat),,-,FALSE,-,FALSE,-,FALSE,-,FALSE,,,,,,,,,,,
3/22(Sun),,-,FALSE,-,FALSE,-,FALSE,-,FALSE,,,,,,,,,,,
3/23(Mon),#VALUE!,申 15-18,FALSE,-,FALSE,詩 115,FALSE,ルカ 9,FALSE,,,,,,,,,,,
3/24(Tue),#VALUE!,申 19-22,FALSE,-,FALSE,詩 6,FALSE,ルカ 10,FALSE,,,,,,,,,,,
3/25(Wed),#VALUE!,申 23-26,FALSE,-,FALSE,-,FALSE,ルカ 11,FALSE,,,,,,,,,,,
3/26(Thu),#VALUE!,申 27-31,FALSE,-,FALSE,-,FALSE,ルカ 12,FALSE,,,,,,,,,,,
3/27(Fri),#VALUE!,申 32-34,FALSE,-,FALSE,詩 13,FALSE,ルカ 13,FALSE,,,,,,,,,,,
3/28(Sat),,-,FALSE,-,FALSE,-,FALSE,-,FALSE,,,,,,,,,,,
3/29(Sun),,-,FALSE,-,FALSE,-,FALSE,-,FALSE,,,,,,,,,,,
3/30(Mon),#VALUE!,ヨシ 1-4,FALSE,-,FALSE,詩 143,FALSE,ルカ 14,FALSE,,,,,,,,,,,
3/31(Tue),#VALUE!,ヨシ 5-8,FALSE,-,FALSE,詩 14,FALSE,ルカ 15,FALSE,,,,,,,,,,,
4/1(Wed),#VALUE!,ヨシ 9-13,FALSE,-,FALSE,-,FALSE,ルカ 16,FALSE,,,,,,,,,,,
4/2(Thu),#VALUE!,ヨシ 14-17,FALSE,-,FALSE,-,FALSE,ルカ 17,FALSE,,,,,,,,,,,
4/3(Fri),#VALUE!,ヨシ 18-21,FALSE,-,FALSE,詩 15,FALSE,ルカ 18,FALSE,,,,,,,,,,,
4/4(Sat),,-,FALSE,-,FALSE,-,FALSE,-,FALSE,,,,,,,,,,,
4/5(Sun),,-,FALSE,-,FALSE,-,FALSE,-,FALSE,,,,,,,,,,,
4/6(Mon),#VALUE!,ヨシ 22-24,FALSE,-,FALSE,詩 116,FALSE,ルカ 19,FALSE,,,,,,,,,,,
4/7(Tue),#VALUE!,士 1-3,FALSE,-,FALSE,詩 16,FALSE,ルカ 20,FALSE,,,,,,,,,,,
4/8(Wed),#VALUE!,士 4-6,FALSE,-,FALSE,-,FALSE,ルカ 21,FALSE,,,,,,,,,,,
4/9(Thu),#VALUE!,士 7-8,FALSE,-,FALSE,-,FALSE,ルカ 22,FALSE,,,,,,,,,,,
4/10(Fri),#VALUE!,士 9-11,FALSE,-,FALSE,詩 17,FALSE,ルカ 23,FALSE,,,,,,,,,,,
4/11(Sat),,-,FALSE,-,FALSE,-,FALSE,-,FALSE,,,,,,,,,,,
4/12(Sun),,-,FALSE,-,FALSE,-,FALSE,-,FALSE,,,,,,,,,,,
4/13(Mon),#VALUE!,士 12-16,FALSE,-,FALSE,詩 146,FALSE,ルカ 24,FALSE,,,,,,,,,,,
4/14(Tue),#VALUE!,士 17-18,FALSE,-,FALSE,詩 21,FALSE,使徒 1,FALSE,,,,,,,,,,,
4/15(Wed),#VALUE!,士 19-21,FALSE,-,FALSE,-,FALSE,使徒 2,FALSE,,,,,,,,,,,
4/16(Thu),#VALUE!,ルツ 1-2,FALSE,-,FALSE,-,FALSE,使徒 3,FALSE,,,,,,,,,,,
4/17(Fri),#VALUE!,ルツ 3-4,FALSE,-,FALSE,詩 37,FALSE,使徒 4,FALSE,,,,,,,,,,,
4/18(Sat),,-,FALSE,-,FALSE,-,FALSE,-,FALSE,,,,,,,,,,,
4/19(Sun),,-,FALSE,-,FALSE,-,FALSE,-,FALSE,,,,,,,,,,,
4/20(Mon),#VALUE!,Ⅰサム 1-2,FALSE,-,FALSE,詩 120,FALSE,使徒 5,FALSE,,,,,,,,,,,
4/21(Tue),#VALUE!,Ⅰサム 3-5,FALSE,-,FALSE,詩 23,FALSE,使徒 6,FALSE,,,,,,,,,,,
4/22(Wed),#VALUE!,Ⅰサム 6-8,FALSE,-,FALSE,-,FALSE,使徒 7,FALSE,,,,,,,,,,,
4/23(Thu),#VALUE!,Ⅰサム 9-10,FALSE,-,FALSE,-,FALSE,使徒 8,FALSE,,,,,,,,,,,
4/24(Fri),#VALUE!,Ⅰサム 11-13,FALSE,-,FALSE,詩 38,FALSE,使徒 9,FALSE,,,,,,,,,,,
4/25(Sat),,-,FALSE,-,FALSE,-,FALSE,-,FALSE,,,,,,,,,,,
4/26(Sun),,-,FALSE,-,FALSE,-,FALSE,-,FALSE,,,,,,,,,,,
4/27(Mon),#VALUE!,Ⅰサム 14,FALSE,-,FALSE,詩 124,FALSE,使徒 10,FALSE,,,,,,,,,,,
4/28(Tue),#VALUE!,Ⅰサム 15-16,FALSE,Ⅰ歴 1,FALSE,詩 39,FALSE,使徒 11,FALSE,,,,,,,,,,,
4/29(Wed),#VALUE!,Ⅰサム 17,FALSE,Ⅰ歴 2,FALSE,-,FALSE,使徒 12,FALSE,,,,,,,,,,,
4/30(Thu),#VALUE!,Ⅰサム 18-19,FALSE,Ⅰ歴 3,FALSE,詩 59,FALSE,使徒 13,FALSE,,,,,,,,,,,
5/1(Fri),#VALUE!,Ⅰサム 20,FALSE,Ⅰ歴 4,FALSE,"詩 56, 57, 142",FALSE,使徒 14,FALSE,,,,,,,,,,,
5/2(Sat),,-,FALSE,-,FALSE,-,FALSE,-,FALSE,,,,,,,,,,,
5/3(Sun),,-,FALSE,-,FALSE,-,FALSE,-,FALSE,,,,,,,,,,,
5/4(Mon),#VALUE!,Ⅰサム 21-22,FALSE,Ⅰ歴 5,FALSE,詩 52,FALSE,使徒 15,FALSE,,,,,,,,,,,
5/5(Tue),#VALUE!,Ⅰサム 23-24,FALSE,Ⅰ歴 6,FALSE,詩 54,FALSE,使徒 16,FALSE,,,,,,,,,,,
5/6(Wed),#VALUE!,Ⅰサム 25,FALSE,Ⅰ歴 7,FALSE,詩 120,FALSE,使徒 17,FALSE,,,,,,,,,,,
5/7(Thu),#VALUE!,Ⅰサム 26-27,FALSE,Ⅰ歴 8,FALSE,-,FALSE,使徒 18,FALSE,,,,,,,,,,,
5/8(Fri),#VALUE!,Ⅰサム 28-29,FALSE,Ⅰ歴 9,FALSE,-,FALSE,使徒 19,FALSE,,,,,,,,,,,
5/9(Sat),,-,FALSE,-,FALSE,-,FALSE,-,FALSE,,,,,,,,,,,
5/10(Sun),,-,FALSE,-,FALSE,-,FALSE,-,FALSE,,,,,,,,,,,
5/11(Mon),#VALUE!,Ⅰサム 30-31,FALSE,Ⅰ歴 10,FALSE,-,FALSE,使徒 20,FALSE,,,,,,,,,,,
5/12(Tue),#VALUE!,Ⅱサム 1-2,FALSE,Ⅰ歴 11,FALSE,"詩 96, 106",FALSE,使徒 21,FALSE,,,,,,,,,,,
5/13(Wed),#VALUE!,Ⅱサム 3-5,FALSE,Ⅰ歴 12,FALSE,詩 122,FALSE,使徒 22,FALSE,,,,,,,,,,,
5/14(Thu),#VALUE!,Ⅱサム 6,FALSE,Ⅰ歴 13,FALSE,詩 60,FALSE,使徒 23,FALSE,,,,,,,,,,,
5/15(Fri),#VALUE!,Ⅰ歴 14-16,FALSE,-,FALSE,-,FALSE,使徒 24,FALSE,,,,,,,,,,,
5/16(Sat),,-,FALSE,-,FALSE,-,FALSE,-,FALSE,,,,,,,,,,,
5/17(Sun),,-,FALSE,-,FALSE,-,FALSE,-,FALSE,,,,,,,,,,,
5/18(Mon),#VALUE!,Ⅱサム 7-8,FALSE,Ⅰ歴 17,FALSE,詩 132,FALSE,使徒 25,FALSE,,,,,,,,,,,
5/19(Tue),#VALUE!,Ⅱサム 9-10,FALSE,Ⅰ歴 18-19,FALSE,詩 89,FALSE,使徒 26,FALSE,,,,,,,,,,,
5/20(Wed),#VALUE!,Ⅱサム 11-12,FALSE,Ⅰ歴 20,FALSE,"詩 51, 32",FALSE,使徒 27,FALSE,,,,,,,,,,,
5/21(Thu),#VALUE!,Ⅱサム 13-14,FALSE,-,FALSE,-,FALSE,使徒 28,FALSE,,,,,,,,,,,
5/22(Fri),#VALUE!,Ⅱサム 15-17,FALSE,-,FALSE,"詩 3, 63",FALSE,ロマ 1,FALSE,,,,,,,,,,,
5/23(Sat),,-,FALSE,-,FALSE,-,FALSE,-,FALSE,,,,,,,,,,,
5/24(Sun),,-,FALSE,-,FALSE,-,FALSE,-,FALSE,,,,,,,,,,,
5/25(Mon),#VALUE!,Ⅱサム 18-20,FALSE,-,FALSE,詩 34,FALSE,ロマ 2,FALSE,,,,,,,,,,,
5/26(Tue),#VALUE!,Ⅱサム 21-23,FALSE,-,FALSE,詩 18,FALSE,ロマ 3,FALSE,,,,,,,,,,,
5/27(Wed),#VALUE!,Ⅱサム 24,FALSE,Ⅰ歴 21,FALSE,-,FALSE,ロマ 4,FALSE,,,,,,,,,,,
5/28(Thu),#VALUE!,Ⅰ歴 22-25,FALSE,-,FALSE,詩 78,FALSE,ロマ 5,FALSE,,,,,,,,,,,
5/29(Fri),#VALUE!,Ⅰ列 1,FALSE,Ⅰ歴 26-28,FALSE,-,FALSE,ロマ 6,FALSE,,,,,,,,,,,
5/30(Sat),,-,FALSE,-,FALSE,-,FALSE,-,FALSE,,,,,,,,,,,
5/31(Sun),,-,FALSE,-,FALSE,-,FALSE,-,FALSE,,,,,,,,,,,
6/1(Mon),#VALUE!,Ⅰ列 2,FALSE,Ⅰ歴 29,FALSE,-,FALSE,ロマ 7,FALSE,,,,,,,,,,,
6/2(Tue),#VALUE!,Ⅰ列 3,FALSE,Ⅱ歴 1,FALSE,詩 42,FALSE,ロマ 8,FALSE,,,,,,,,,,,
6/3(Wed),#VALUE!,Ⅰ列 4,FALSE,箴 1-2,FALSE,詩 43,FALSE,ロマ 9,FALSE,,,,,,,,,,,
6/4(Thu),#VALUE!,箴 3-5,FALSE,-,FALSE,-,FALSE,ロマ 10,FALSE,,,,,,,,,,,
6/5(Fri),#VALUE!,箴 6-7,FALSE,-,FALSE,詩 7,FALSE,ロマ 11,FALSE,,,,,,,,,,,
6/6(Sat),,-,FALSE,-,FALSE,-,FALSE,-,FALSE,,,,,,,,,,,
6/7(Sun),,-,FALSE,-,FALSE,-,FALSE,-,FALSE,,,,,,,,,,,
6/8(Mon),#VALUE!,箴 8-10,FALSE,-,FALSE,詩 144,FALSE,ロマ 12,FALSE,,,,,,,,,,,
6/9(Tue),#VALUE!,箴 11-13,FALSE,-,FALSE,詩 8,FALSE,ロマ 13,FALSE,,,,,,,,,,,
6/10(Wed),#VALUE!,箴 14-15,FALSE,-,FALSE,-,FALSE,ロマ 14,FALSE,,,,,,,,,,,
6/11(Thu),#VALUE!,箴 16-18,FALSE,-,FALSE,-,FALSE,ロマ 15,FALSE,,,,,,,,,,,
6/12(Fri),#VALUE!,箴 19-21,FALSE,-,FALSE,詩 40,FALSE,ロマ 16,FALSE,,,,,,,,,,,
6/13(Sat),,-,FALSE,-,FALSE,-,FALSE,-,FALSE,,,,,,,,,,,
6/14(Sun),,-,FALSE,-,FALSE,-,FALSE,-,FALSE,,,,,,,,,,,
6/15(Mon),#VALUE!,箴 22-23,FALSE,-,FALSE,詩 117,FALSE,Iテサ 1,FALSE,,,,,,,,,,,
6/16(Tue),#VALUE!,箴 24-25,FALSE,-,FALSE,詩 41,FALSE,Iテサ 2,FALSE,,,,,,,,,,,
6/17(Wed),#VALUE!,箴 26-28,FALSE,-,FALSE,-,FALSE,Iテサ 3,FALSE,,,,,,,,,,,
6/18(Thu),#VALUE!,箴 29-31,FALSE,-,FALSE,-,FALSE,Iテサ 4,FALSE,,,,,,,,,,,
6/19(Fri),#VALUE!,雅 1-3,FALSE,-,FALSE,詩 72,FALSE,Iテサ 5,FALSE,,,,,,,,,,,
6/20(Sat),,-,FALSE,-,FALSE,-,FALSE,-,FALSE,,,,,,,,,,,
6/21(Sun),,-,FALSE,-,FALSE,-,FALSE,-,FALSE,,,,,,,,,,,
6/22(Mon),#VALUE!,雅 4-6,FALSE,-,FALSE,-,FALSE,IIテサ 1,FALSE,,,,,,,,,,,
6/23(Tue),#VALUE!,雅 7-8,FALSE,-,FALSE,詩 127,FALSE,IIテサ 2,FALSE,,,,,,,,,,,
6/24(Wed),#VALUE!,Ⅰ列 5,FALSE,Ⅱ歴 2,FALSE,-,FALSE,IIテサ 3,FALSE,,,,,,,,,,,
6/25(Thu),#VALUE!,Ⅰ列 6,FALSE,Ⅱ歴 3,FALSE,-,FALSE,Iテモ 1,FALSE,,,,,,,,,,,
6/26(Fri),#VALUE!,Ⅰ列 7,FALSE,Ⅱ歴 4,FALSE,詩 44,FALSE,Iテモ 2,FALSE,,,,,,,,,,,
6/27(Sat),,-,FALSE,-,FALSE,-,FALSE,-,FALSE,,,,,,,,,,,
6/28(Sun),,-,FALSE,-,FALSE,-,FALSE,-,FALSE,,,,,,,,,,,
6/29(Mon),#VALUE!,Ⅰ列 8,FALSE,-,FALSE,詩 30,FALSE,Iテモ 3,FALSE,,,,,,,,,,,
6/30(Tue),#VALUE!,Ⅱ歴 5-7,FALSE,-,FALSE,詩 121,FALSE,Iテモ 4,FALSE,,,,,,,,,,,
7/1(Wed),#VALUE!,Ⅰ列 9,FALSE,Ⅱ歴 8,FALSE,-,FALSE,Iテモ 5,FALSE,,,,,,,,,,,
7/2(Thu),#VALUE!,Ⅰ列 10-11,FALSE,Ⅱ歴 9,FALSE,-,FALSE,Iテモ 6,FALSE,,,,,,,,,,,
7/3(Fri),#VALUE!,伝道者 1-3,FALSE,-,FALSE,詩 45,FALSE,IIテモ 1,FALSE,,,,,,,,,,,
7/4(Sat),,-,FALSE,-,FALSE,-,FALSE,-,FALSE,,,,,,,,,,,
7/5(Sun),,-,FALSE,-,FALSE,-,FALSE,-,FALSE,,,,,,,,,,,
7/6(Mon),#VALUE!,伝道者 4-6,FALSE,-,FALSE,詩 125,FALSE,IIテモ 2,FALSE,,,,,,,,,,,
7/7(Tue),#VALUE!,伝道者 7-9,FALSE,-,FALSE,詩 46,FALSE,IIテモ 3,FALSE,,,,,,,,,,,
7/8(Wed),#VALUE!,伝道者 10-12,FALSE,-,FALSE,-,FALSE,IIテモ 4,FALSE,,,,,,,,,,,
7/9(Thu),#VALUE!,Ⅰ列 12,FALSE,Ⅱ歴 10-11,FALSE,-,FALSE,テト 1,FALSE,,,,,,,,,,,
7/10(Fri),#VALUE!,Ⅰ列 13-14,FALSE,Ⅱ歴 12,FALSE,詩 47,FALSE,テト 2,FALSE,,,,,,,,,,,
7/11(Sat),,-,FALSE,-,FALSE,-,FALSE,-,FALSE,,,,,,,,,,,
7/12(Sun),,-,FALSE,-,FALSE,-,FALSE,-,FALSE,,,,,,,,,,,
7/13(Mon),#VALUE!,Ⅰ列 15,FALSE,Ⅱ歴 13-14,FALSE,-,FALSE,テト 3,FALSE,,,,,,,,,,,
7/14(Tue),#VALUE!,Ⅱ歴 15-16,FALSE,Ⅰ列 16,FALSE,-,FALSE,フィ 1,FALSE,,,,,,,,,,,
7/15(Wed),#VALUE!,Ⅰ列 17-18,FALSE,-,FALSE,詩 119,FALSE,ユダ 1,FALSE,,,,,,,,,,,
7/16(Thu),#VALUE!,Ⅰ列 19-21,FALSE,Ⅱ歴 17,FALSE,詩 129,FALSE,マタ 1,FALSE,,,,,,,,,,,
7/17(Fri),#VALUE!,Ⅰ列 22,FALSE,Ⅱ歴 18,FALSE,-,FALSE,マタ 2,FALSE,,,,,,,,,,,
7/18(Sat),,-,FALSE,-,FALSE,-,FALSE,-,FALSE,,,,,,,,,,,
7/19(Sun),,-,FALSE,-,FALSE,-,FALSE,-,FALSE,,,,,,,,,,,
7/20(Mon),#VALUE!,Ⅱ歴 19-20,FALSE,Ⅱ列 1,FALSE,詩 20,FALSE,マタ 3,FALSE,,,,,,,,,,,
7/21(Tue),#VALUE!,Ⅱ列 2-3,FALSE,-,FALSE,詩 48,FALSE,マタ 4,FALSE,,,,,,,,,,,
7/22(Wed),#VALUE!,Ⅱ列 4-6,FALSE,-,FALSE,-,FALSE,マタ 5,FALSE,,,,,,,,,,,
7/23(Thu),#VALUE!,Ⅱ列 7-8,FALSE,Ⅱ歴 21,FALSE,-,FALSE,マタ 6,FALSE,,,,,,,,,,,
7/24(Fri),#VALUE!,Ⅱ列 9-10,FALSE,-,FALSE,詩 49,FALSE,マタ 7,FALSE,,,,,,,,,,,
7/25(Sat),,-,FALSE,-,FALSE,-,FALSE,-,FALSE,,,,,,,,,,,
7/26(Sun),,-,FALSE,-,FALSE,-,FALSE,-,FALSE,,,,,,,,,,,
7/27(Mon),#VALUE!,Ⅱ歴 22-23,FALSE,Ⅱ列 11,FALSE,詩 131,FALSE,マタ 8,FALSE,,,,,,,,,,,
7/28(Tue),#VALUE!,Ⅱ歴 24,FALSE,Ⅱ列 12,FALSE,詩 50,FALSE,マタ 9,FALSE,,,,,,,,,,,
7/29(Wed),#VALUE!,ヨエ 1-3,FALSE,-,FALSE,-,FALSE,マタ 10,FALSE,,,,,,,,,,,
7/30(Thu),#VALUE!,ヨナ 1-4,FALSE,-,FALSE,-,FALSE,マタ 11,FALSE,,,,,,,,,,,
7/31(Fri),#VALUE!,Ⅱ列 13-14,FALSE,Ⅱ歴 25,FALSE,詩 53,FALSE,マタ 12,FALSE,,,,,,,,,,,
8/1(Sat),,-,FALSE,-,FALSE,-,FALSE,-,FALSE,,,,,,,,,,,
8/2(Sun),,-,FALSE,-,FALSE,-,FALSE,-,FALSE,,,,,,,,,,,
8/3(Mon),#VALUE!,アモ 1-3,FALSE,-,FALSE,-,FALSE,マタ 13,FALSE,,,,,,,,,,,
8/4(Tue),#VALUE!,アモ 4-6,FALSE,-,FALSE,詩 55,FALSE,マタ 14,FALSE,,,,,,,,,,,
8/5(Wed),#VALUE!,アモ 7-9,FALSE,-,FALSE,-,FALSE,マタ 15,FALSE,,,,,,,,,,,
8/6(Thu),#VALUE!,ホセ 1-3,FALSE,-,FALSE,-,FALSE,マタ 16,FALSE,,,,,,,,,,,
8/7(Fri),#VALUE!,ホセ 4-6,FALSE,-,FALSE,詩 58,FALSE,マタ 17,FALSE,,,,,,,,,,,
8/8(Sat),,-,FALSE,-,FALSE,-,FALSE,-,FALSE,,,,,,,,,,,
8/9(Sun),,-,FALSE,-,FALSE,-,FALSE,-,FALSE,,,,,,,,,,,
8/10(Mon),#VALUE!,ホセ 7-10,FALSE,-,FALSE,-,FALSE,マタ 18,FALSE,,,,,,,,,,,
8/11(Tue),#VALUE!,ホセ 11-13,FALSE,-,FALSE,-,FALSE,マタ 19,FALSE,,,,,,,,,,,
8/12(Wed),#VALUE!,ホセ 14,FALSE,Ⅱ歴 26-27,FALSE,詩 61,FALSE,マタ 20,FALSE,,,,,,,,,,,
8/13(Thu),#VALUE!,Ⅱ列 15-16,FALSE,-,FALSE,-,FALSE,マタ 21,FALSE,,,,,,,,,,,
8/14(Fri),#VALUE!,イザ 1-3,FALSE,-,FALSE,詩 9,FALSE,マタ 22,FALSE,,,,,,,,,,,
8/15(Sat),,-,FALSE,-,FALSE,-,FALSE,-,FALSE,,,,,,,,,,,
8/16(Sun),,-,FALSE,-,FALSE,-,FALSE,-,FALSE,,,,,,,,,,,
8/17(Mon),#VALUE!,イザ 4-6,FALSE,-,FALSE,-,FALSE,マタ 23,FALSE,,,,,,,,,,,
8/18(Tue),#VALUE!,ミカ 1-4,FALSE,-,FALSE,詩 10,FALSE,マタ 24,FALSE,,,,,,,,,,,
8/19(Wed),#VALUE!,ミカ 5-7,FALSE,-,FALSE,-,FALSE,マタ 25,FALSE,,,,,,,,,,,
8/20(Thu),#VALUE!,イザ 7-10,FALSE,-,FALSE,詩 22,FALSE,マタ 26,FALSE,,,,,,,,,,,
8/21(Fri),#VALUE!,イザ 11-13,FALSE,-,FALSE,詩 118,FALSE,マタ 27,FALSE,,,,,,,,,,,
8/22(Sat),,-,FALSE,-,FALSE,-,FALSE,-,FALSE,,,,,,,,,,,
8/23(Sun),,-,FALSE,-,FALSE,-,FALSE,-,FALSE,,,,,,,,,,,
8/24(Mon),#VALUE!,イザ 14-16,FALSE,-,FALSE,-,FALSE,マタ 28,FALSE,,,,,,,,,,,
8/25(Tue),#VALUE!,イザ 17-19,FALSE,-,FALSE,詩 62,FALSE,Iコリ 1,FALSE,,,,,,,,,,,
8/26(Wed),#VALUE!,イザ 20-22,FALSE,-,FALSE,-,FALSE,Iコリ 2,FALSE,,,,,,,,,,,
8/27(Thu),#VALUE!,イザ 23-25,FALSE,-,FALSE,-,FALSE,Iコリ 3,FALSE,,,,,,,,,,,
8/28(Fri),#VALUE!,イザ 26-29,FALSE,-,FALSE,詩 65,FALSE,Iコリ 4,FALSE,,,,,,,,,,,
8/29(Sat),,-,FALSE,-,FALSE,-,FALSE,-,FALSE,,,,,,,,,,,
8/30(Sun),,-,FALSE,-,FALSE,-,FALSE,-,FALSE,,,,,,,,,,,
8/31(Mon),#VALUE!,イザ 30-32,FALSE,-,FALSE,-,FALSE,Iコリ 5,FALSE,,,,,,,,,,,
9/1(Tue),#VALUE!,イザ 33-35,FALSE,-,FALSE,-,FALSE,Iコリ 6,FALSE,,,,,,,,,,,
9/2(Wed),#VALUE!,Ⅱ歴 28,FALSE,Ⅱ列 17,FALSE,詩 66,FALSE,Iコリ 7,FALSE,,,,,,,,,,,
9/3(Thu),#VALUE!,Ⅱ歴 29-31,FALSE,-,FALSE,-,FALSE,Iコリ 8,FALSE,,,,,,,,,,,
9/4(Fri),#VALUE!,Ⅱ列 18-19,FALSE,Ⅱ歴 32,FALSE,詩 67,FALSE,Iコリ 9,FALSE,,,,,,,,,,,
9/5(Sat),,-,FALSE,-,FALSE,-,FALSE,-,FALSE,,,,,,,,,,,
9/6(Sun),,-,FALSE,-,FALSE,-,FALSE,-,FALSE,,,,,,,,,,,
9/7(Mon),#VALUE!,イザ 36-37,FALSE,-,FALSE,-,FALSE,Iコリ 10,FALSE,,,,,,,,,,,
9/8(Tue),#VALUE!,Ⅱ列 20,FALSE,-,FALSE,詩 123,FALSE,Iコリ 11,FALSE,,,,,,,,,,,
9/9(Wed),#VALUE!,イザ 41-44,FALSE,-,FALSE,詩 68,FALSE,Iコリ 12,FALSE,,,,,,,,,,,
9/10(Thu),#VALUE!,イザ 45-48,FALSE,-,FALSE,-,FALSE,Iコリ 13,FALSE,,,,,,,,,,,
9/11(Fri),#VALUE!,イザ 49-52,FALSE,-,FALSE,詩 69,FALSE,Iコリ 14,FALSE,,,,,,,,,,,
9/12(Sat),,-,FALSE,-,FALSE,-,FALSE,-,FALSE,,,,,,,,,,,
9/13(Sun),,-,FALSE,-,FALSE,-,FALSE,-,FALSE,,,,,,,,,,,
9/14(Mon),#VALUE!,イザ 53-55,FALSE,-,FALSE,詩 128,FALSE,Iコリ 15,FALSE,,,,,,,,,,,
9/15(Tue),#VALUE!,イザ 56-59,FALSE,-,FALSE,詩 70,FALSE,Iコリ 16,FALSE,,,,,,,,,,,
9/16(Wed),#VALUE!,イザ 60-63,FALSE,-,FALSE,-,FALSE,IIコリ 1,FALSE,,,,,,,,,,,
9/17(Thu),#VALUE!,イザ 64-66,FALSE,-,FALSE,詩 71,FALSE,IIコリ 2,FALSE,,,,,,,,,,,
9/18(Fri),#VALUE!,Ⅱ列 21,FALSE,Ⅱ歴 33,FALSE,-,FALSE,IIコリ 3,FALSE,,,,,,,,,,,
9/19(Sat),,-,FALSE,-,FALSE,-,FALSE,-,FALSE,,,,,,,,,,,
9/20(Sun),,-,FALSE,-,FALSE,-,FALSE,-,FALSE,,,,,,,,,,,
9/21(Mon),#VALUE!,ナホ 1-3,FALSE,-,FALSE,詩 149,FALSE,IIコリ 4,FALSE,,,,,,,,,,,
9/22(Tue),#VALUE!,Ⅱ列 22-23,FALSE,-,FALSE,詩 73,FALSE,IIコリ 5,FALSE,,,,,,,,,,,
9/23(Wed),#VALUE!,Ⅱ歴 34-35,FALSE,-,FALSE,-,FALSE,IIコリ 6,FALSE,,,,,,,,,,,
9/24(Thu),#VALUE!,ハバ 1-3,FALSE,-,FALSE,詩 74,FALSE,IIコリ 7,FALSE,,,,,,,,,,,
9/25(Fri),#VALUE!,ゼパ 1-3,FALSE,-,FALSE,-,FALSE,IIコリ 8,FALSE,,,,,,,,,,,
9/26(Sat),,-,FALSE,-,FALSE,-,FALSE,-,FALSE,,,,,,,,,,,
9/27(Sun),,-,FALSE,-,FALSE,-,FALSE,-,FALSE,,,,,,,,,,,
9/28(Mon),#VALUE!,エレ 1-4,FALSE,-,FALSE,詩 130,FALSE,IIコリ 9,FALSE,,,,,,,,,,,
9/29(Tue),#VALUE!,エレ 5-7,FALSE,-,FALSE,詩 75,FALSE,IIコリ 10,FALSE,,,,,,,,,,,
9/30(Wed),#VALUE!,エレ 8-10,FALSE,-,FALSE,-,FALSE,IIコリ 11,FALSE,,,,,,,,,,,
10/1(Thu),#VALUE!,エレ 11-13,FALSE,-,FALSE,詩 76,FALSE,IIコリ 12,FALSE,,,,,,,,,,,
10/2(Fri),#VALUE!,エレ 14-16,FALSE,-,FALSE,-,FALSE,IIコリ 13,FALSE,,,,,,,,,,,
10/3(Sat),,-,FALSE,-,FALSE,-,FALSE,-,FALSE,,,,,,,,,,,
10/4(Sun),,-,FALSE,-,FALSE,-,FALSE,-,FALSE,,,,,,,,,,,
10/5(Mon),#VALUE!,エレ 17-20,FALSE,-,FALSE,詩 137,FALSE,ヤコ 1,FALSE,,,,,,,,,,,
10/6(Tue),#VALUE!,"エレ 22, 23, 26",FALSE,-,FALSE,詩 77,FALSE,ヤコ 2,FALSE,,,,,,,,,,,
10/7(Wed),#VALUE!,"エレ 25, 35, 36, 45",FALSE,-,FALSE,-,FALSE,ヤコ 3,FALSE,,,,,,,,,,,
10/8(Thu),#VALUE!,"エレ 27, 28, 29, 24",FALSE,-,FALSE,-,FALSE,ヤコ 4,FALSE,,,,,,,,,,,
10/9(Fri),#VALUE!,"エレ 37, 21, 34",FALSE,-,FALSE,詩 79,FALSE,ヤコ 5,FALSE,,,,,,,,,,,
10/10(Sat),,-,FALSE,-,FALSE,-,FALSE,-,FALSE,,,,,,,,,,,
10/11(Sun),,-,FALSE,-,FALSE,-,FALSE,-,FALSE,,,,,,,,,,,
10/12(Mon),#VALUE!,エレ 30-33,FALSE,-,FALSE,詩 128,FALSE,Iペテ 1,FALSE,,,,,,,,,,,
10/13(Tue),#VALUE!,"エレ 38, 39, 52",FALSE,-,FALSE,詩 80,FALSE,Iペテ 2,FALSE,,,,,,,,,,,
10/14(Wed),#VALUE!,Ⅱ列 24-25,FALSE,Ⅱ歴 36,FALSE,-,FALSE,Iペテ 3,FALSE,,,,,,,,,,,
10/15(Thu),#VALUE!,哀 1-5,FALSE,-,FALSE,詩 82,FALSE,Iペテ 4,FALSE,,,,,,,,,,,
10/16(Fri),#VALUE!,オバ 1,FALSE,エレ 40-42,FALSE,-,FALSE,Iペテ 5,FALSE,,,,,,,,,,,
10/17(Sat),,-,FALSE,-,FALSE,-,FALSE,-,FALSE,,,,,,,,,,,
10/18(Sun),,-,FALSE,-,FALSE,-,FALSE,-,FALSE,,,,,,,,,,,
10/19(Mon),#VALUE!,"エレ 43, 44, 46",FALSE,-,FALSE,詩 83,FALSE,IIペテ 1,FALSE,,,,,,,,,,,
10/20(Tue),#VALUE!,"エレ 47, 48, 49",FALSE,-,FALSE,詩 136,FALSE,IIペテ 2,FALSE,,,,,,,,,,,
10/21(Wed),#VALUE!,エレ 50-51,FALSE,-,FALSE,-,FALSE,IIペテ 3,FALSE,,,,,,,,,,,
10/22(Thu),#VALUE!,エゼ 1-3,FALSE,-,FALSE,詩 84,FALSE,ヨハ 1,FALSE,,,,,,,,,,,
10/23(Fri),#VALUE!,エゼ 4-6,FALSE,-,FALSE,-,FALSE,ヨハ 2,FALSE,,,,,,,,,,,
10/24(Sat),,-,FALSE,-,FALSE,-,FALSE,-,FALSE,,,,,,,,,,,
10/25(Sun),,-,FALSE,-,FALSE,-,FALSE,-,FALSE,,,,,,,,,,,
10/26(Mon),#VALUE!,エゼ 7-9,FALSE,-,FALSE,詩 134,FALSE,ヨハ 3,FALSE,,,,,,,,,,,
10/27(Tue),#VALUE!,エゼ 10-12,FALSE,-,FALSE,詩 85,FALSE,ヨハ 4,FALSE,,,,,,,,,,,
10/28(Wed),#VALUE!,エゼ 13-15,FALSE,-,FALSE,-,FALSE,ヨハ 5,FALSE,,,,,,,,,,,
10/29(Thu),#VALUE!,エゼ 16-18,FALSE,-,FALSE,詩 86,FALSE,ヨハ 6,FALSE,,,,,,,,,,,
10/30(Fri),#VALUE!,エゼ 19-21,FALSE,-,FALSE,-,FALSE,ヨハ 7,FALSE,,,,,,,,,,,
10/31(Sat),,-,FALSE,-,FALSE,-,FALSE,-,FALSE,,,,,,,,,,,
11/1(Sun),,-,FALSE,-,FALSE,-,FALSE,-,FALSE,,,,,,,,,,,
11/2(Mon),#VALUE!,エゼ 22-24,FALSE,-,FALSE,詩 87,FALSE,ヨハ 8,FALSE,,,,,,,,,,,
11/3(Tue),#VALUE!,エゼ 25-27,FALSE,-,FALSE,-,FALSE,ヨハ 9,FALSE,,,,,,,,,,,
11/4(Wed),#VALUE!,エゼ 28-30,FALSE,-,FALSE,詩 135,FALSE,ヨハ 10,FALSE,,,,,,,,,,,
11/5(Thu),#VALUE!,エゼ 31-33,FALSE,-,FALSE,詩 88,FALSE,ヨハ 11,FALSE,,,,,,,,,,,
11/6(Fri),#VALUE!,エゼ 34-36,FALSE,-,FALSE,-,FALSE,ヨハ 12,FALSE,,,,,,,,,,,
11/7(Sat),,-,FALSE,-,FALSE,-,FALSE,-,FALSE,,,,,,,,,,,
11/8(Sun),,-,FALSE,-,FALSE,-,FALSE,-,FALSE,,,,,,,,,,,
11/9(Mon),#VALUE!,エゼ 37-39,FALSE,-,FALSE,詩 91,FALSE,ヨハ 13,FALSE,,,,,,,,,,,
11/10(Tue),#VALUE!,エゼ 40-42,FALSE,-,FALSE,-,FALSE,ヨハ 14,FALSE,,,,,,,,,,,
11/11(Wed),#VALUE!,エゼ 43-45,FALSE,-,FALSE,詩 92,FALSE,ヨハ 15,FALSE,,,,,,,,,,,
11/12(Thu),#VALUE!,エゼ 46-48,FALSE,-,FALSE,-,FALSE,ヨハ 16,FALSE,,,,,,,,,,,
11/13(Fri),#VALUE!,ダニ 1-3,FALSE,-,FALSE,詩 138,FALSE,ヨハ 17,FALSE,,,,,,,,,,,
11/14(Sat),,-,FALSE,-,FALSE,-,FALSE,-,FALSE,,,,,,,,,,,
11/15(Sun),,-,FALSE,-,FALSE,-,FALSE,-,FALSE,,,,,,,,,,,
11/16(Mon),#VALUE!,ダニ 4-6,FALSE,-,FALSE,詩 93,FALSE,ヨハ 18,FALSE,,,,,,,,,,,
11/17(Tue),#VALUE!,ダニ 7-9,FALSE,-,FALSE,-,FALSE,ヨハ 19,FALSE,,,,,,,,,,,
11/18(Wed),#VALUE!,ダニ 10-12,FALSE,-,FALSE,詩 94,FALSE,ヨハ 20,FALSE,,,,,,,,,,,
11/19(Thu),#VALUE!,エズ 1-2,FALSE,-,FALSE,詩 95,FALSE,ヨハ 21,FALSE,,,,,,,,,,,
11/20(Fri),#VALUE!,エズ 3-4,FALSE,ゼカ 1,FALSE,詩 139,FALSE,Iヨハ 1,FALSE,,,,,,,,,,,
11/21(Sat),,-,FALSE,-,FALSE,-,FALSE,-,FALSE,,,,,,,,,,,
11/22(Sun),,-,FALSE,-,FALSE,-,FALSE,-,FALSE,,,,,,,,,,,
11/23(Mon),#VALUE!,ハガ 1-2,FALSE,-,FALSE,詩 97,FALSE,Iヨハ 2,FALSE,,,,,,,,,,,
11/24(Tue),#VALUE!,ゼカ 2-5,FALSE,-,FALSE,-,FALSE,Iヨハ 3,FALSE,,,,,,,,,,,
11/25(Wed),#VALUE!,ゼカ 6-8,FALSE,-,FALSE,-,FALSE,Iヨハ 4,FALSE,,,,,,,,,,,
11/26(Thu),#VALUE!,ゼカ 9-11,FALSE,-,FALSE,詩 98,FALSE,Iヨハ 5,FALSE,,,,,,,,,,,
11/27(Fri),#VALUE!,ゼカ 12-14,FALSE,-,FALSE,詩 140,FALSE,IIヨハ 1,FALSE,,,,,,,,,,,
11/28(Sat),,-,FALSE,-,FALSE,-,FALSE,-,FALSE,,,,,,,,,,,
11/29(Sun),,-,FALSE,-,FALSE,-,FALSE,-,FALSE,,,,,,,,,,,
11/30(Mon),#VALUE!,エズ 5-6,FALSE,-,FALSE,詩 2,FALSE,IIIヨハ 1,FALSE,,,,,,,,,,,
12/1(Tue),#VALUE!,エス 1-3,FALSE,-,FALSE,-,FALSE,黙示 1,FALSE,,,,,,,,,,,
12/2(Wed),#VALUE!,エス 4-6,FALSE,-,FALSE,詩 29,FALSE,黙示 2,FALSE,,,,,,,,,,,
12/3(Thu),#VALUE!,エス 7-10,FALSE,-,FALSE,詩 99,FALSE,黙示 3,FALSE,,,,,,,,,,,
12/4(Fri),#VALUE!,エズ 7-10,FALSE,-,FALSE,-,FALSE,黙示 4,FALSE,,,,,,,,,,,
12/5(Sat),,-,FALSE,-,FALSE,-,FALSE,-,FALSE,,,,,,,,,,,
12/6(Sun),,-,FALSE,-,FALSE,-,FALSE,-,FALSE,,,,,,,,,,,
12/7(Mon),#VALUE!,ネヘ 1-3,FALSE,-,FALSE,詩 100,FALSE,黙示 5,FALSE,,,,,,,,,,,
12/8(Tue),#VALUE!,ネヘ 4-6,FALSE,-,FALSE,-,FALSE,黙示 6,FALSE,,,,,,,,,,,
12/9(Wed),#VALUE!,ネヘ 7-9,FALSE,-,FALSE,詩 141,FALSE,黙示 7,FALSE,,,,,,,,,,,
12/10(Thu),#VALUE!,ネヘ 10-13,FALSE,-,FALSE,詩 101,FALSE,黙示 8,FALSE,,,,,,,,,,,
12/11(Fri),#VALUE!,マラ 1-4,FALSE,-,FALSE,-,FALSE,黙示 9,FALSE,,,,,,,,,,,
12/12(Sat),,-,FALSE,-,FALSE,-,FALSE,-,FALSE,,,,,,,,,,,
12/13(Sun),,-,FALSE,-,FALSE,-,FALSE,-,FALSE,,,,,,,,,,,
12/14(Mon),#VALUE!,ヨブ 1-3,FALSE,-,FALSE,詩 102,FALSE,黙示 10,FALSE,,,,,,,,,,,
12/15(Tue),#VALUE!,ヨブ 4-7,FALSE,-,FALSE,-,FALSE,黙示 11,FALSE,,,,,,,,,,,
12/16(Wed),#VALUE!,ヨブ 8-11,FALSE,-,FALSE,-,FALSE,黙示 12,FALSE,,,,,,,,,,,
12/17(Thu),#VALUE!,ヨブ 12-14,FALSE,-,FALSE,-,FALSE,黙示 13,FALSE,,,,,,,,,,,
12/18(Fri),#VALUE!,ヨブ 15-17,FALSE,-,FALSE,詩 103,FALSE,黙示 14,FALSE,,,,,,,,,,,
12/19(Sat),,-,FALSE,-,FALSE,-,FALSE,-,FALSE,,,,,,,,,,,
12/20(Sun),,-,FALSE,-,FALSE,-,FALSE,-,FALSE,,,,,,,,,,,
12/21(Mon),#VALUE!,ヨブ 18-20,FALSE,-,FALSE,詩 150,FALSE,黙示 15,FALSE,,,,,,,,,,,
12/22(Tue),#VALUE!,ヨブ 21-23,FALSE,-,FALSE,-,FALSE,黙示 16,FALSE,,,,,,,,,,,
12/23(Wed),#VALUE!,ヨブ 24-27,FALSE,-,FALSE,-,FALSE,黙示 17,FALSE,,,,,,,,,,,
12/24(Thu),#VALUE!,ヨブ 28-30,FALSE,-,FALSE,-,FALSE,黙示 18,FALSE,,,,,,,,,,,
12/25(Fri),#VALUE!,ヨブ 31-33,FALSE,-,FALSE,-,FALSE,黙示 19,FALSE,,,,,,,,,,,
12/26(Sat),,-,FALSE,-,FALSE,-,FALSE,-,FALSE,,,,,,,,,,,
12/27(Sun),,-,FALSE,-,FALSE,-,FALSE,-,FALSE,,,,,,,,,,,
12/28(Mon),#VALUE!,ヨブ 34-36,FALSE,-,FALSE,-,FALSE,黙示 20,FALSE,,,,,,,,,,,
12/29(Tue),#VALUE!,ヨブ 37-39,FALSE,-,FALSE,-,FALSE,黙示 21,FALSE,,,,,,,,,,,
12/30(Wed),#VALUE!,ヨブ 40-42,FALSE,-,FALSE,-,FALSE,黙示 22,FALSE,,,,,,,,,,,
12/31(Thu),#VALUE!,-,FALSE,-,FALSE,-,FALSE,-,FALSE,,,,,,,,,,,